min_lon,min_lat,max_lon,max_lat,Island_Letter,Island_Number,Grid_Number,island_number
-89.73486328125,-1.4499200582504272,-89.70157295408703,-1.4168678085009256,X,1,1,3
-89.70153045654297,-1.4499200582504272,-89.66824012938,-1.4168678085009256,X,1,2,3
-89.66819763183594,-1.4499200582504272,-89.63490730467295,-1.4168678085009256,X,1,3,3
-89.63487243652344,-1.4499200582504272,-89.60158210936045,-1.4168678085009256,X,1,4,3
-89.7681884765625,-1.4165899753570557,-89.73489814939953,-1.383537725607554,X,1,5,3
-89.73486328125,-1.4165899753570557,-89.70157295408703,-1.383537725607554,X,1,6,3
-89.63487243652344,-1.4165899753570557,-89.60158210936045,-1.383537725607554,X,1,7,3
-90.53478240966795,-1.3832600116729736,-90.501492082505,-1.350207761923472,X,1,8,2
-90.50144958496094,-1.3832600116729736,-90.46815925779795,-1.350207761923472,X,1,9,2
-90.4681167602539,-1.3832600116729736,-90.43482643309092,-1.350207761923472,X,1,10,2
-90.4347915649414,-1.3832600116729736,-90.40150123777843,-1.350207761923472,X,1,11,2
-90.40145874023438,-1.3832600116729736,-90.3681684130714,-1.350207761923472,X,1,12,2
-89.7681884765625,-1.3832600116729736,-89.73489814939953,-1.350207761923472,X,1,13,3
-89.63487243652344,-1.3832600116729736,-89.60158210936045,-1.350207761923472,X,1,14,3
-90.53478240966795,-1.3499300479888916,-90.501492082505,-1.31687779823939,X,1,15,2
-90.40145874023438,-1.3499300479888916,-90.3681684130714,-1.31687779823939,X,1,16,2
-90.36813354492188,-1.3499300479888916,-90.3348432177589,-1.31687779823939,X,1,17,2
-89.7681884765625,-1.3499300479888916,-89.73489814939953,-1.31687779823939,X,1,18,3
-89.73486328125,-1.3499300479888916,-89.70157295408703,-1.31687779823939,X,1,19,3
-89.70153045654297,-1.3499300479888916,-89.66824012938,-1.31687779823939,X,1,20,3
-89.66819763183594,-1.3499300479888916,-89.63490730467295,-1.31687779823939,X,1,21,3
-89.63487243652344,-1.3499300479888916,-89.60158210936045,-1.31687779823939,X,1,22,3
-90.53478240966795,-1.31659996509552,-90.501492082505,-1.2835477153460184,X,1,23,2
-90.36813354492188,-1.31659996509552,-90.3348432177589,-1.2835477153460184,X,1,24,2
-90.53478240966795,-1.283270001411438,-90.501492082505,-1.2502177516619364,X,1,25,2
-90.36813354492188,-1.283270001411438,-90.3348432177589,-1.2502177516619364,X,1,26,2
-90.53478240966795,-1.249940037727356,-90.501492082505,-1.2168877879778544,X,1,27,2
-90.50144958496094,-1.249940037727356,-90.46815925779795,-1.2168877879778544,X,1,28,2
-90.40145874023438,-1.249940037727356,-90.3681684130714,-1.2168877879778544,X,1,29,2
-90.36813354492188,-1.249940037727356,-90.3348432177589,-1.2168877879778544,X,1,30,2
-90.50144958496094,-1.2166099548339844,-90.46815925779795,-1.1835577050844828,X,1,31,2
-90.4681167602539,-1.2166099548339844,-90.43482643309092,-1.1835577050844828,X,1,32,2
-90.4347915649414,-1.2166099548339844,-90.40150123777843,-1.1835577050844828,X,1,33,2
-90.40145874023438,-1.2166099548339844,-90.3681684130714,-1.1835577050844828,X,1,34,2
-91.2680435180664,-1.0832899808883667,-91.23475319090343,-1.050237731138865,X,1,35,1
-91.23471069335938,-1.0832899808883667,-91.2014203661964,-1.050237731138865,X,1,36,1
-91.20137786865234,-1.0832899808883667,-91.16808754148936,-1.050237731138865,X,1,37,1
-91.16805267333984,-1.0832899808883667,-91.13476234617687,-1.050237731138865,X,1,38,1
-91.1347198486328,-1.0832899808883667,-91.10142952146984,-1.050237731138865,X,1,39,1
-91.468017578125,-1.049960017204285,-91.43472725096204,-1.016907767454783,X,1,40,1
-91.4346923828125,-1.049960017204285,-91.40140205564951,-1.016907767454783,X,1,41,1
-91.40135955810548,-1.049960017204285,-91.3680692309425,-1.016907767454783,X,1,42,1
-91.36802673339844,-1.049960017204285,-91.33473640623545,-1.016907767454783,X,1,43,1
-91.33470153808594,-1.049960017204285,-91.30141121092295,-1.016907767454783,X,1,44,1
-91.3013687133789,-1.049960017204285,-91.26807838621592,-1.016907767454783,X,1,45,1
-91.2680435180664,-1.049960017204285,-91.23475319090343,-1.016907767454783,X,1,46,1
-91.1347198486328,-1.049960017204285,-91.10142952146984,-1.016907767454783,X,1,47,1
-91.10138702392578,-1.049960017204285,-91.0680966967628,-1.016907767454783,X,1,48,1
-91.06806182861328,-1.049960017204285,-91.03477150145031,-1.016907767454783,X,1,49,1
-91.50135040283205,-1.0166300535202026,-91.46806007566906,-0.983577803770701,X,1,50,1
-91.468017578125,-1.0166300535202026,-91.43472725096204,-0.983577803770701,X,1,51,1
-91.06806182861328,-1.0166300535202026,-91.03477150145031,-0.983577803770701,X,1,52,1
-91.03472900390624,-1.0166300535202026,-91.00143867674328,-0.983577803770701,X,1,53,1
-91.00140380859376,-1.0166300535202026,-90.96811348143078,-0.983577803770701,X,1,54,1
-91.53468322753906,-0.9832999706268308,-91.50139290037608,-0.9502477208773294,X,1,55,1
-91.50135040283205,-0.9832999706268308,-91.46806007566906,-0.9502477208773294,X,1,56,1
-91.00140380859376,-0.9832999706268308,-90.96811348143078,-0.9502477208773294,X,1,57,1
-90.96807098388672,-0.9832999706268308,-90.93478065672376,-0.9502477208773294,X,1,58,1
-90.93473815917969,-0.9832999706268308,-90.90144783201671,-0.9502477208773294,X,1,59,1
-90.9014129638672,-0.9832999706268308,-90.8681226367042,-0.9502477208773294,X,1,60,1
-89.63487243652344,-0.9832999706268308,-89.60158210936045,-0.9502477208773294,X,1,61,6
-89.6015396118164,-0.9832999706268308,-89.56824928465343,-0.9502477208773294,X,1,62,6
-89.56820678710938,-0.9832999706268308,-89.5349164599464,-0.9502477208773294,X,1,63,6
-89.53488159179688,-0.9832999706268308,-89.5015912646339,-0.9502477208773294,X,1,64,6
-89.50154876708984,-0.9832999706268308,-89.46825843992687,-0.9502477208773294,X,1,65,6
-89.46822357177734,-0.9832999706268308,-89.43493324461437,-0.9502477208773294,X,1,66,6
-89.43489074707031,-0.9832999706268308,-89.40160041990734,-0.9502477208773294,X,1,67,6
-91.53468322753906,-0.9499700069427488,-91.50139290037608,-0.9169177571932474,X,1,68,1
-90.9014129638672,-0.9499700069427488,-90.8681226367042,-0.9169177571932474,X,1,69,1
-90.86808013916016,-0.9499700069427488,-90.83478981199718,-0.9169177571932474,X,1,70,1
-90.83474731445312,-0.9499700069427488,-90.80145698729015,-0.9169177571932474,X,1,71,1
-89.66819763183594,-0.9499700069427488,-89.63490730467295,-0.9169177571932474,X,1,72,6
-89.63487243652344,-0.9499700069427488,-89.60158210936045,-0.9169177571932474,X,1,73,6
-89.43489074707031,-0.9499700069427488,-89.40160041990734,-0.9169177571932474,X,1,74,6
-89.40155792236328,-0.9499700069427488,-89.36826759520031,-0.9169177571932474,X,1,75,6
-91.53468322753906,-0.916639983654022,-91.50139290037608,-0.8835877339045206,X,1,76,1
-90.83474731445312,-0.916639983654022,-90.80145698729015,-0.8835877339045206,X,1,77,1
-89.66819763183594,-0.916639983654022,-89.63490730467295,-0.8835877339045206,X,1,78,6
-89.40155792236328,-0.916639983654022,-89.36826759520031,-0.8835877339045206,X,1,79,6
-89.36823272705078,-0.916639983654022,-89.33494239988781,-0.8835877339045206,X,1,80,6
-91.53468322753906,-0.8833100199699401,-91.50139290037608,-0.8502577702204386,X,1,81,1
-90.83474731445312,-0.8833100199699401,-90.80145698729015,-0.8502577702204386,X,1,82,1
-90.10148620605469,-0.8833100199699401,-90.0681958788917,-0.8502577702204386,X,1,83,5
-90.06816101074219,-0.8833100199699401,-90.0348706835792,-0.8502577702204386,X,1,84,5
-90.03482818603516,-0.8833100199699401,-90.00153785887218,-0.8502577702204386,X,1,85,5
-89.66819763183594,-0.8833100199699401,-89.63490730467295,-0.8502577702204386,X,1,86,6
-89.63487243652344,-0.8833100199699401,-89.60158210936045,-0.8502577702204386,X,1,87,6
-89.6015396118164,-0.8833100199699401,-89.56824928465343,-0.8502577702204386,X,1,88,6
-89.36823272705078,-0.8833100199699401,-89.33494239988781,-0.8502577702204386,X,1,89,6
-91.53468322753906,-0.8499799966812133,-91.50139290037608,-0.8169277469317118,X,1,90,1
-91.50135040283205,-0.8499799966812133,-91.46806007566906,-0.8169277469317118,X,1,91,1
-90.83474731445312,-0.8499799966812133,-90.80145698729015,-0.8169277469317118,X,1,92,1
-90.13481903076172,-0.8499799966812133,-90.10152870359876,-0.8169277469317118,X,1,93,5
-90.10148620605469,-0.8499799966812133,-90.0681958788917,-0.8169277469317118,X,1,94,5
-90.03482818603516,-0.8499799966812133,-90.00153785887218,-0.8169277469317118,X,1,95,5
-89.6015396118164,-0.8499799966812133,-89.56824928465343,-0.8169277469317118,X,1,96,6
-89.56820678710938,-0.8499799966812133,-89.5349164599464,-0.8169277469317118,X,1,97,6
-89.36823272705078,-0.8499799966812133,-89.33494239988781,-0.8169277469317118,X,1,98,6
-89.33489990234375,-0.8499799966812133,-89.30160957518078,-0.8169277469317118,X,1,99,6
-89.30156707763672,-0.8499799966812133,-89.26827675047375,-0.8169277469317118,X,1,100,6
-91.50135040283205,-0.8166499733924865,-91.46806007566906,-0.783597723642985,X,1,101,1
-91.468017578125,-0.8166499733924865,-91.43472725096204,-0.783597723642985,X,1,102,1
-90.83474731445312,-0.8166499733924865,-90.80145698729015,-0.783597723642985,X,1,103,1
-90.80142211914062,-0.8166499733924865,-90.76813179197764,-0.783597723642985,X,1,104,1
-90.4347915649414,-0.8166499733924865,-90.40150123777843,-0.783597723642985,X,1,105,4
-90.40145874023438,-0.8166499733924865,-90.3681684130714,-0.783597723642985,X,1,106,4
-90.36813354492188,-0.8166499733924865,-90.3348432177589,-0.783597723642985,X,1,107,4
-90.33480072021484,-0.8166499733924865,-90.30151039305187,-0.783597723642985,X,1,108,4
-90.3014678955078,-0.8166499733924865,-90.26817756834484,-0.783597723642985,X,1,109,4
-90.13481903076172,-0.8166499733924865,-90.10152870359876,-0.783597723642985,X,1,110,5
-90.03482818603516,-0.8166499733924865,-90.00153785887218,-0.783597723642985,X,1,111,5
-89.56820678710938,-0.8166499733924865,-89.5349164599464,-0.783597723642985,X,1,112,6
-89.53488159179688,-0.8166499733924865,-89.5015912646339,-0.783597723642985,X,1,113,6
-89.50154876708984,-0.8166499733924865,-89.46825843992687,-0.783597723642985,X,1,114,6
-89.30156707763672,-0.8166499733924865,-89.26827675047375,-0.783597723642985,X,1,115,6
-89.26824188232422,-0.8166499733924865,-89.23495155516125,-0.783597723642985,X,1,116,6
-91.468017578125,-0.7833200097084044,-91.43472725096204,-0.7502677599589029,X,1,117,1
-91.4346923828125,-0.7833200097084044,-91.40140205564951,-0.7502677599589029,X,1,118,1
-90.80142211914062,-0.7833200097084044,-90.76813179197764,-0.7502677599589029,X,1,119,1
-90.50144958496094,-0.7833200097084044,-90.46815925779795,-0.7502677599589029,X,1,120,4
-90.4681167602539,-0.7833200097084044,-90.43482643309092,-0.7502677599589029,X,1,121,4
-90.4347915649414,-0.7833200097084044,-90.40150123777843,-0.7502677599589029,X,1,122,4
-90.3014678955078,-0.7833200097084044,-90.26817756834484,-0.7502677599589029,X,1,123,4
-90.26814270019531,-0.7833200097084044,-90.23485237303234,-0.7502677599589029,X,1,124,4
-90.23480987548828,-0.7833200097084044,-90.20151954832531,-0.7502677599589029,X,1,125,4
-90.13481903076172,-0.7833200097084044,-90.10152870359876,-0.7502677599589029,X,1,126,5
-90.10148620605469,-0.7833200097084044,-90.0681958788917,-0.7502677599589029,X,1,127,5
-90.06816101074219,-0.7833200097084044,-90.0348706835792,-0.7502677599589029,X,1,128,5
-90.03482818603516,-0.7833200097084044,-90.00153785887218,-0.7502677599589029,X,1,129,5
-89.50154876708984,-0.7833200097084044,-89.46825843992687,-0.7502677599589029,X,1,130,6
-89.26824188232422,-0.7833200097084044,-89.23495155516125,-0.7502677599589029,X,1,131,6
-89.23490905761719,-0.7833200097084044,-89.2016187304542,-0.7502677599589029,X,1,132,6
-91.4346923828125,-0.7499899864196776,-91.40140205564951,-0.7169377366701761,X,1,133,1
-91.40135955810548,-0.7499899864196776,-91.3680692309425,-0.7169377366701761,X,1,134,1
-90.80142211914062,-0.7499899864196776,-90.76813179197764,-0.7169377366701761,X,1,135,1
-90.56810760498048,-0.7499899864196776,-90.5348172778175,-0.7169377366701761,X,1,136,4
-90.53478240966795,-0.7499899864196776,-90.501492082505,-0.7169377366701761,X,1,137,4
-90.50144958496094,-0.7499899864196776,-90.46815925779795,-0.7169377366701761,X,1,138,4
-90.23480987548828,-0.7499899864196776,-90.20151954832531,-0.7169377366701761,X,1,139,4
-90.20147705078124,-0.7499899864196776,-90.16818672361828,-0.7169377366701761,X,1,140,4
-89.50154876708984,-0.7499899864196776,-89.46825843992687,-0.7169377366701761,X,1,141,6
-89.46822357177734,-0.7499899864196776,-89.43493324461437,-0.7169377366701761,X,1,142,6
-89.23490905761719,-0.7499899864196776,-89.2016187304542,-0.7169377366701761,X,1,143,6
-91.40135955810548,-0.7166600227355956,-91.3680692309425,-0.6836077729860941,X,1,144,1
-91.36802673339844,-0.7166600227355956,-91.33473640623545,-0.6836077729860941,X,1,145,1
-90.83474731445312,-0.7166600227355956,-90.80145698729015,-0.6836077729860941,X,1,146,1
-90.80142211914062,-0.7166600227355956,-90.76813179197764,-0.6836077729860941,X,1,147,1
-90.56810760498048,-0.7166600227355956,-90.5348172778175,-0.6836077729860941,X,1,148,4
-90.20147705078124,-0.7166600227355956,-90.16818672361828,-0.6836077729860941,X,1,149,4
-90.16815185546876,-0.7166600227355956,-90.13486152830578,-0.6836077729860941,X,1,150,4
-89.46822357177734,-0.7166600227355956,-89.43493324461437,-0.6836077729860941,X,1,151,6
-89.43489074707031,-0.7166600227355956,-89.40160041990734,-0.6836077729860941,X,1,152,6
-89.40155792236328,-0.7166600227355956,-89.36826759520031,-0.6836077729860941,X,1,153,6
-89.30156707763672,-0.7166600227355956,-89.26827675047375,-0.6836077729860941,X,1,154,6
-89.23490905761719,-0.7166600227355956,-89.2016187304542,-0.6836077729860941,X,1,155,6
-91.36802673339844,-0.6833299994468688,-91.33473640623545,-0.6502777496973673,X,1,156,1
-91.33470153808594,-0.6833299994468688,-91.30141121092295,-0.6502777496973673,X,1,157,1
-91.3013687133789,-0.6833299994468688,-91.26807838621592,-0.6502777496973673,X,1,158,1
-91.2680435180664,-0.6833299994468688,-91.23475319090343,-0.6502777496973673,X,1,159,1
-91.20137786865234,-0.6833299994468688,-91.16808754148936,-0.6502777496973673,X,1,160,1
-91.16805267333984,-0.6833299994468688,-91.13476234617687,-0.6502777496973673,X,1,161,1
-90.86808013916016,-0.6833299994468688,-90.83478981199718,-0.6502777496973673,X,1,162,1
-90.83474731445312,-0.6833299994468688,-90.80145698729015,-0.6502777496973673,X,1,163,1
-90.56810760498048,-0.6833299994468688,-90.5348172778175,-0.6502777496973673,X,1,164,4
-90.16815185546876,-0.6833299994468688,-90.13486152830578,-0.6502777496973673,X,1,165,4
-89.40155792236328,-0.6833299994468688,-89.36826759520031,-0.6502777496973673,X,1,166,6
-89.36823272705078,-0.6833299994468688,-89.33494239988781,-0.6502777496973673,X,1,167,6
-89.33489990234375,-0.6833299994468688,-89.30160957518078,-0.6502777496973673,X,1,168,6
-89.30156707763672,-0.6833299994468688,-89.26827675047375,-0.6502777496973673,X,1,169,6
-89.26824188232422,-0.6833299994468688,-89.23495155516125,-0.6502777496973673,X,1,170,6
-89.23490905761719,-0.6833299994468688,-89.2016187304542,-0.6502777496973673,X,1,171,6
-91.2680435180664,-0.6499999761581421,-91.23475319090343,-0.6169477264086405,X,1,172,1
-91.23471069335938,-0.6499999761581421,-91.2014203661964,-0.6169477264086405,X,1,173,1
-91.20137786865234,-0.6499999761581421,-91.16808754148936,-0.6169477264086405,X,1,174,1
-91.16805267333984,-0.6499999761581421,-91.13476234617687,-0.6169477264086405,X,1,175,1
-91.1347198486328,-0.6499999761581421,-91.10142952146984,-0.6169477264086405,X,1,176,1
-90.86808013916016,-0.6499999761581421,-90.83478981199718,-0.6169477264086405,X,1,177,1
-90.56810760498048,-0.6499999761581421,-90.5348172778175,-0.6169477264086405,X,1,178,4
-90.16815185546876,-0.6499999761581421,-90.13486152830578,-0.6169477264086405,X,1,179,4
-91.1347198486328,-0.6166700124740601,-91.10142952146984,-0.5836177627245585,X,1,180,1
-91.10138702392578,-0.6166700124740601,-91.0680966967628,-0.5836177627245585,X,1,181,1
-90.96807098388672,-0.6166700124740601,-90.93478065672376,-0.5836177627245585,X,1,182,1
-90.93473815917969,-0.6166700124740601,-90.90144783201671,-0.5836177627245585,X,1,183,1
-90.9014129638672,-0.6166700124740601,-90.8681226367042,-0.5836177627245585,X,1,184,1
-90.86808013916016,-0.6166700124740601,-90.83478981199718,-0.5836177627245585,X,1,185,1
-90.56810760498048,-0.6166700124740601,-90.5348172778175,-0.5836177627245585,X,1,186,4
-90.16815185546876,-0.6166700124740601,-90.13486152830578,-0.5836177627245585,X,1,187,4
-91.20137786865234,-0.5833399891853331,-91.16808754148936,-0.5502877394358316,X,1,188,1
-91.16805267333984,-0.5833399891853331,-91.13476234617687,-0.5502877394358316,X,1,189,1
-91.1347198486328,-0.5833399891853331,-91.10142952146984,-0.5502877394358316,X,1,190,1
-90.96807098388672,-0.5833399891853331,-90.93478065672376,-0.5502877394358316,X,1,191,1
-90.93473815917969,-0.5833399891853331,-90.90144783201671,-0.5502877394358316,X,1,192,1
-90.56810760498048,-0.5833399891853331,-90.5348172778175,-0.5502877394358316,X,1,193,4
-90.16815185546876,-0.5833399891853331,-90.13486152830578,-0.5502877394358316,X,1,194,4
-91.23471069335938,-0.5500100255012511,-91.2014203661964,-0.5169577757517496,X,1,195,1
-91.20137786865234,-0.5500100255012511,-91.16808754148936,-0.5169577757517496,X,1,196,1
-90.93473815917969,-0.5500100255012511,-90.90144783201671,-0.5169577757517496,X,1,197,1
-90.56810760498048,-0.5500100255012511,-90.5348172778175,-0.5169577757517496,X,1,198,4
-90.53478240966795,-0.5500100255012511,-90.501492082505,-0.5169577757517496,X,1,199,4
-90.23480987548828,-0.5500100255012511,-90.20151954832531,-0.5169577757517496,X,1,200,4
-90.20147705078124,-0.5500100255012511,-90.16818672361828,-0.5169577757517496,X,1,201,4
-90.16815185546876,-0.5500100255012511,-90.13486152830578,-0.5169577757517496,X,1,202,4
-91.6346664428711,-0.5166800022125244,-91.60137611570812,-0.4836277524630229,X,1,203,1
-91.6013412475586,-0.5166800022125244,-91.56805092039562,-0.4836277524630229,X,1,204,1
-91.56800842285156,-0.5166800022125244,-91.53471809568859,-0.4836277524630229,X,1,205,1
-91.53468322753906,-0.5166800022125244,-91.50139290037608,-0.4836277524630229,X,1,206,1
-91.50135040283205,-0.5166800022125244,-91.46806007566906,-0.4836277524630229,X,1,207,1
-91.468017578125,-0.5166800022125244,-91.43472725096204,-0.4836277524630229,X,1,208,1
-91.4346923828125,-0.5166800022125244,-91.40140205564951,-0.4836277524630229,X,1,209,1
-91.40135955810548,-0.5166800022125244,-91.3680692309425,-0.4836277524630229,X,1,210,1
-91.2680435180664,-0.5166800022125244,-91.23475319090343,-0.4836277524630229,X,1,211,1
-91.23471069335938,-0.5166800022125244,-91.2014203661964,-0.4836277524630229,X,1,212,1
-90.93473815917969,-0.5166800022125244,-90.90144783201671,-0.4836277524630229,X,1,213,1
-90.53478240966795,-0.5166800022125244,-90.501492082505,-0.4836277524630229,X,1,214,4
-90.50144958496094,-0.5166800022125244,-90.46815925779795,-0.4836277524630229,X,1,215,4
-90.4681167602539,-0.5166800022125244,-90.43482643309092,-0.4836277524630229,X,1,216,4
-90.4347915649414,-0.5166800022125244,-90.40150123777843,-0.4836277524630229,X,1,217,4
-90.40145874023438,-0.5166800022125244,-90.3681684130714,-0.4836277524630229,X,1,218,4
-90.23480987548828,-0.5166800022125244,-90.20151954832531,-0.4836277524630229,X,1,219,4
-91.66799926757812,-0.4833500087261201,-91.63470894041515,-0.4502977589766185,X,1,220,1
-91.6346664428711,-0.4833500087261201,-91.60137611570812,-0.4502977589766185,X,1,221,1
-91.40135955810548,-0.4833500087261201,-91.3680692309425,-0.4502977589766185,X,1,222,1
-91.2680435180664,-0.4833500087261201,-91.23475319090343,-0.4502977589766185,X,1,223,1
-90.93473815917969,-0.4833500087261201,-90.90144783201671,-0.4502977589766185,X,1,224,1
-90.40145874023438,-0.4833500087261201,-90.3681684130714,-0.4502977589766185,X,1,225,4
-90.36813354492188,-0.4833500087261201,-90.3348432177589,-0.4502977589766185,X,1,226,4
-90.33480072021484,-0.4833500087261201,-90.30151039305187,-0.4502977589766185,X,1,227,4
-90.26814270019531,-0.4833500087261201,-90.23485237303234,-0.4502977589766185,X,1,228,4
-90.23480987548828,-0.4833500087261201,-90.20151954832531,-0.4502977589766185,X,1,229,4
-91.66799926757812,-0.4500199854373933,-91.63470894041515,-0.4169677356878917,X,1,230,1
-91.40135955810548,-0.4500199854373933,-91.3680692309425,-0.4169677356878917,X,1,231,1
-91.36802673339844,-0.4500199854373933,-91.33473640623545,-0.4169677356878917,X,1,232,1
-91.2680435180664,-0.4500199854373933,-91.23475319090343,-0.4169677356878917,X,1,233,1
-90.93473815917969,-0.4500199854373933,-90.90144783201671,-0.4169677356878917,X,1,234,1
-90.33480072021484,-0.4500199854373933,-90.30151039305187,-0.4169677356878917,X,1,235,4
-90.26814270019531,-0.4500199854373933,-90.23485237303234,-0.4169677356878917,X,1,236,4
-91.66799926757812,-0.4166899919509888,-91.63470894041515,-0.3836377422014873,X,1,237,1
-91.36802673339844,-0.4166899919509888,-91.33473640623545,-0.3836377422014873,X,1,238,1
-91.3013687133789,-0.4166899919509888,-91.26807838621592,-0.3836377422014873,X,1,239,1
-91.2680435180664,-0.4166899919509888,-91.23475319090343,-0.3836377422014873,X,1,240,1
-91.00140380859376,-0.4166899919509888,-90.96811348143078,-0.3836377422014873,X,1,241,1
-90.96807098388672,-0.4166899919509888,-90.93478065672376,-0.3836377422014873,X,1,242,1
-90.93473815917969,-0.4166899919509888,-90.90144783201671,-0.3836377422014873,X,1,243,1
-90.66809844970705,-0.4166899919509888,-90.63480812254406,-0.3836377422014873,X,1,244,7
-90.63477325439452,-0.4166899919509888,-90.60148292723156,-0.3836377422014873,X,1,245,7
-90.6014404296875,-0.4166899919509888,-90.56815010252451,-0.3836377422014873,X,1,246,7
-90.33480072021484,-0.4166899919509888,-90.30151039305187,-0.3836377422014873,X,1,247,4
-90.3014678955078,-0.4166899919509888,-90.26817756834484,-0.3836377422014873,X,1,248,4
-90.26814270019531,-0.4166899919509888,-90.23485237303234,-0.3836377422014873,X,1,249,4
-91.66799926757812,-0.3833599984645844,-91.63470894041515,-0.3503077487150829,X,1,250,1
-91.36802673339844,-0.3833599984645844,-91.33473640623545,-0.3503077487150829,X,1,251,1
-91.33470153808594,-0.3833599984645844,-91.30141121092295,-0.3503077487150829,X,1,252,1
-91.3013687133789,-0.3833599984645844,-91.26807838621592,-0.3503077487150829,X,1,253,1
-91.00140380859376,-0.3833599984645844,-90.96811348143078,-0.3503077487150829,X,1,254,1
-90.80142211914062,-0.3833599984645844,-90.76813179197764,-0.3503077487150829,X,1,255,7
-90.7680892944336,-0.3833599984645844,-90.73479896727062,-0.3503077487150829,X,1,256,7
-90.73475646972656,-0.3833599984645844,-90.70146614256359,-0.3503077487150829,X,1,257,7
-90.70143127441406,-0.3833599984645844,-90.66814094725108,-0.3503077487150829,X,1,258,7
-90.66809844970705,-0.3833599984645844,-90.63480812254406,-0.3503077487150829,X,1,259,7
-90.6014404296875,-0.3833599984645844,-90.56815010252451,-0.3503077487150829,X,1,260,7
-90.56810760498048,-0.3833599984645844,-90.5348172778175,-0.3503077487150829,X,1,261,7
-91.66799926757812,-0.35003000497818,-91.63470894041515,-0.31697775522867844,X,1,262,1
-91.40135955810548,-0.35003000497818,-91.3680692309425,-0.31697775522867844,X,1,263,1
-91.36802673339844,-0.35003000497818,-91.33473640623545,-0.31697775522867844,X,1,264,1
-91.06806182861328,-0.35003000497818,-91.03477150145031,-0.31697775522867844,X,1,265,1
-91.03472900390624,-0.35003000497818,-91.00143867674328,-0.31697775522867844,X,1,266,1
-91.00140380859376,-0.35003000497818,-90.96811348143078,-0.31697775522867844,X,1,267,1
-90.86808013916016,-0.35003000497818,-90.83478981199718,-0.31697775522867844,X,1,268,7
-90.83474731445312,-0.35003000497818,-90.80145698729015,-0.31697775522867844,X,1,269,7
-90.80142211914062,-0.35003000497818,-90.76813179197764,-0.31697775522867844,X,1,270,7
-90.56810760498048,-0.35003000497818,-90.5348172778175,-0.31697775522867844,X,1,271,7
-91.66799926757812,-0.3167000114917756,-91.63470894041515,-0.28364776174227396,X,1,272,1
-91.6346664428711,-0.3167000114917756,-91.60137611570812,-0.28364776174227396,X,1,273,1
-91.6013412475586,-0.3167000114917756,-91.56805092039562,-0.28364776174227396,X,1,274,1
-91.56800842285156,-0.3167000114917756,-91.53471809568859,-0.28364776174227396,X,1,275,1
-91.40135955810548,-0.3167000114917756,-91.3680692309425,-0.28364776174227396,X,1,276,1
-91.10138702392578,-0.3167000114917756,-91.0680966967628,-0.28364776174227396,X,1,277,1
-91.06806182861328,-0.3167000114917756,-91.03477150145031,-0.28364776174227396,X,1,278,1
-90.9014129638672,-0.3167000114917756,-90.8681226367042,-0.28364776174227396,X,1,279,7
-90.86808013916016,-0.3167000114917756,-90.83478981199718,-0.28364776174227396,X,1,280,7
-90.56810760498048,-0.3167000114917756,-90.5348172778175,-0.28364776174227396,X,1,281,7
-91.56800842285156,-0.2833699882030488,-91.53471809568859,-0.2503177384535472,X,1,282,1
-91.53468322753906,-0.2833699882030488,-91.50139290037608,-0.2503177384535472,X,1,283,1
-91.468017578125,-0.2833699882030488,-91.43472725096204,-0.2503177384535472,X,1,284,1
-91.4346923828125,-0.2833699882030488,-91.40140205564951,-0.2503177384535472,X,1,285,1
-91.40135955810548,-0.2833699882030488,-91.3680692309425,-0.2503177384535472,X,1,286,1
-91.1347198486328,-0.2833699882030488,-91.10142952146984,-0.2503177384535472,X,1,287,1
-91.10138702392578,-0.2833699882030488,-91.0680966967628,-0.2503177384535472,X,1,288,1
-90.9014129638672,-0.2833699882030488,-90.8681226367042,-0.2503177384535472,X,1,289,7
-90.56810760498048,-0.2833699882030488,-90.5348172778175,-0.2503177384535472,X,1,290,7
-91.53468322753906,-0.2500399947166443,-91.50139290037608,-0.21698774496714274,X,1,291,1
-91.50135040283205,-0.2500399947166443,-91.46806007566906,-0.21698774496714274,X,1,292,1
-91.468017578125,-0.2500399947166443,-91.43472725096204,-0.21698774496714274,X,1,293,1
-91.4346923828125,-0.2500399947166443,-91.40140205564951,-0.21698774496714274,X,1,294,1
-91.1347198486328,-0.2500399947166443,-91.10142952146984,-0.21698774496714274,X,1,295,1
-90.9014129638672,-0.2500399947166443,-90.8681226367042,-0.21698774496714274,X,1,296,7
-90.86808013916016,-0.2500399947166443,-90.83478981199718,-0.21698774496714274,X,1,297,7
-90.6014404296875,-0.2500399947166443,-90.56815010252451,-0.21698774496714274,X,1,298,7
-90.56810760498048,-0.2500399947166443,-90.5348172778175,-0.21698774496714274,X,1,299,7
-91.4346923828125,-0.21671000123023987,-91.40140205564951,-0.18365775148073832,X,1,300,1
-91.40135955810548,-0.21671000123023987,-91.3680692309425,-0.18365775148073832,X,1,301,1
-91.20137786865234,-0.21671000123023987,-91.16808754148936,-0.18365775148073832,X,1,302,1
-91.16805267333984,-0.21671000123023987,-91.13476234617687,-0.18365775148073832,X,1,303,1
-91.1347198486328,-0.21671000123023987,-91.10142952146984,-0.18365775148073832,X,1,304,1
-90.86808013916016,-0.21671000123023987,-90.83478981199718,-0.18365775148073832,X,1,305,7
-90.63477325439452,-0.21671000123023987,-90.60148292723156,-0.18365775148073832,X,1,306,7
-90.6014404296875,-0.21671000123023987,-90.56815010252451,-0.18365775148073832,X,1,307,7
-91.4346923828125,-0.18337999284267426,-91.40140205564951,-0.1503277430931727,X,1,308,1
-91.20137786865234,-0.18337999284267426,-91.16808754148936,-0.1503277430931727,X,1,309,1
-90.86808013916016,-0.18337999284267426,-90.83478981199718,-0.1503277430931727,X,1,310,7
-90.73475646972656,-0.18337999284267426,-90.70146614256359,-0.1503277430931727,X,1,311,7
-90.70143127441406,-0.18337999284267426,-90.66814094725108,-0.1503277430931727,X,1,312,7
-90.66809844970705,-0.18337999284267426,-90.63480812254406,-0.1503277430931727,X,1,313,7
-90.63477325439452,-0.18337999284267426,-90.60148292723156,-0.1503277430931727,X,1,314,7
-91.4346923828125,-0.15004999935626984,-91.40140205564951,-0.11699774960676827,X,1,315,1
-91.20137786865234,-0.15004999935626984,-91.16808754148936,-0.11699774960676827,X,1,316,1
-90.86808013916016,-0.15004999935626984,-90.83478981199718,-0.11699774960676827,X,1,317,7
-90.83474731445312,-0.15004999935626984,-90.80145698729015,-0.11699774960676827,X,1,318,7
-90.80142211914062,-0.15004999935626984,-90.76813179197764,-0.11699774960676827,X,1,319,7
-90.7680892944336,-0.15004999935626984,-90.73479896727062,-0.11699774960676827,X,1,320,7
-90.73475646972656,-0.15004999935626984,-90.70146614256359,-0.11699774960676827,X,1,321,7
-91.4346923828125,-0.11671999841928482,-91.40140205564951,-0.08366774866978327,X,1,322,1
-91.20137786865234,-0.11671999841928482,-91.16808754148936,-0.08366774866978327,X,1,323,1
-91.6013412475586,-0.0833899974822998,-91.56805092039562,-0.050337747732798255,X,1,324,1
-91.56800842285156,-0.0833899974822998,-91.53471809568859,-0.050337747732798255,X,1,325,1
-91.53468322753906,-0.0833899974822998,-91.50139290037608,-0.050337747732798255,X,1,326,1
-91.50135040283205,-0.0833899974822998,-91.46806007566906,-0.050337747732798255,X,1,327,1
-91.4346923828125,-0.0833899974822998,-91.40140205564951,-0.050337747732798255,X,1,328,1
-91.20137786865234,-0.0833899974822998,-91.16808754148936,-0.050337747732798255,X,1,329,1
-91.6346664428711,-0.05006000027060509,-91.60137611570812,-0.01700775052110354,X,1,330,1
-91.6013412475586,-0.05006000027060509,-91.56805092039562,-0.01700775052110354,X,1,331,1
-91.50135040283205,-0.05006000027060509,-91.46806007566906,-0.01700775052110354,X,1,332,1
-91.468017578125,-0.05006000027060509,-91.43472725096204,-0.01700775052110354,X,1,333,1
-91.4346923828125,-0.05006000027060509,-91.40140205564951,-0.01700775052110354,X,1,334,1
-91.20137786865234,-0.05006000027060509,-91.16808754148936,-0.01700775052110354,X,1,335,1
-91.6346664428711,-0.016729999333620068,-91.60137611570812,0.016322250415881468,X,1,336,1
-91.23471069335938,-0.016729999333620068,-91.2014203661964,0.016322250415881468,X,1,337,1
-91.20137786865234,-0.016729999333620068,-91.16808754148936,0.016322250415881468,X,1,338,1
-91.6346664428711,0.016599999740719802,-91.60137611570812,0.04965224949022135,X,1,339,1
-91.6013412475586,0.016599999740719802,-91.56805092039562,0.04965224949022135,X,1,340,1
-91.56800842285156,0.016599999740719802,-91.53471809568859,0.04965224949022135,X,1,341,1
-91.2680435180664,0.016599999740719802,-91.23475319090343,0.04965224949022135,X,1,342,1
-91.23471069335938,0.016599999740719802,-91.2014203661964,0.04965224949022135,X,1,343,1
-91.56800842285156,0.04992999881505967,-91.53471809568859,0.08298224856456121,X,1,344,1
-91.53468322753906,0.04992999881505967,-91.50139290037608,0.08298224856456121,X,1,345,1
-91.3013687133789,0.04992999881505967,-91.26807838621592,0.08298224856456121,X,1,346,1
-91.2680435180664,0.04992999881505967,-91.23475319090343,0.08298224856456121,X,1,347,1
-91.53468322753906,0.08325999975204468,-91.50139290037608,0.11631224950154626,X,1,348,1
-91.50135040283205,0.08325999975204468,-91.46806007566906,0.11631224950154626,X,1,349,1
-91.3013687133789,0.08325999975204468,-91.26807838621592,0.11631224950154626,X,1,350,1
-91.50135040283205,0.1165900006890297,-91.46806007566906,0.14964225043853124,X,1,351,1
-91.468017578125,0.1165900006890297,-91.43472725096204,0.14964225043853124,X,1,352,1
-91.4346923828125,0.1165900006890297,-91.40140205564951,0.14964225043853124,X,1,353,1
-91.33470153808594,0.1165900006890297,-91.30141121092295,0.14964225043853124,X,1,354,1
-91.3013687133789,0.1165900006890297,-91.26807838621592,0.14964225043853124,X,1,355,1
-91.4346923828125,0.1499200016260147,-91.40140205564951,0.18297225137551626,X,1,356,1
-91.40135955810548,0.1499200016260147,-91.3680692309425,0.18297225137551626,X,1,357,1
-91.33470153808594,0.1499200016260147,-91.30141121092295,0.18297225137551626,X,1,358,1
-91.40135955810548,0.18324999511241916,-91.3680692309425,0.21630224486192068,X,1,359,1
-91.36802673339844,0.18324999511241916,-91.33473640623545,0.21630224486192068,X,1,360,1
-91.33470153808594,0.18324999511241916,-91.30141121092295,0.21630224486192068,X,1,361,1
-90.53478240966795,0.2499099969863891,-90.501492082505,0.28296224673589065,X,1,362,9
-90.50144958496094,0.2499099969863891,-90.46815925779795,0.28296224673589065,X,1,363,9
-90.4681167602539,0.2499099969863891,-90.43482643309092,0.28296224673589065,X,1,364,9
-90.4347915649414,0.2499099969863891,-90.40150123777843,0.28296224673589065,X,1,365,9
-90.40145874023438,0.2499099969863891,-90.3681684130714,0.28296224673589065,X,1,366,9
-90.56810760498048,0.2832399904727935,-90.5348172778175,0.3162922402222951,X,1,367,9
-90.53478240966795,0.2832399904727935,-90.501492082505,0.3162922402222951,X,1,368,9
-90.40145874023438,0.2832399904727935,-90.3681684130714,0.3162922402222951,X,1,369,9
-90.56810760498048,0.31657001376152033,-90.5348172778175,0.3496222635110219,X,1,370,9
-90.40145874023438,0.31657001376152033,-90.3681684130714,0.3496222635110219,X,1,371,9
-90.56810760498048,0.34990000724792475,-90.5348172778175,0.3829522569974263,X,1,372,9
-90.4347915649414,0.34990000724792475,-90.40150123777843,0.3829522569974263,X,1,373,9
-90.40145874023438,0.34990000724792475,-90.3681684130714,0.3829522569974263,X,1,374,9
-90.56810760498048,0.3832300007343292,-90.5348172778175,0.4162822504838307,X,1,375,9
-90.53478240966795,0.3832300007343292,-90.501492082505,0.4162822504838307,X,1,376,9
-90.50144958496094,0.3832300007343292,-90.46815925779795,0.4162822504838307,X,1,377,9
-90.4681167602539,0.3832300007343292,-90.43482643309092,0.4162822504838307,X,1,378,9
-90.4347915649414,0.3832300007343292,-90.40150123777843,0.4162822504838307,X,1,379,9
-90.83474731445312,0.5165500044822694,-90.80145698729015,0.5496022542317709,X,1,380,8
-90.80142211914062,0.5165500044822694,-90.76813179197764,0.5496022542317709,X,1,381,8
-90.7680892944336,0.5165500044822694,-90.73479896727062,0.5496022542317709,X,1,382,8
-90.73475646972656,0.5165500044822694,-90.70146614256359,0.5496022542317709,X,1,383,8
-90.83474731445312,0.5498800277709962,-90.80145698729015,0.5829322775204977,X,1,384,8
-90.73475646972656,0.5498800277709962,-90.70146614256359,0.5829322775204977,X,1,385,8
-90.83474731445312,0.5832099914550782,-90.80145698729015,0.6162622412045797,X,1,386,8
-90.73475646972656,0.5832099914550782,-90.70146614256359,0.6162622412045797,X,1,387,8
-90.83474731445312,0.616540014743805,-90.80145698729015,0.6495922644933065,X,1,388,8
-90.7680892944336,0.616540014743805,-90.73479896727062,0.6495922644933065,X,1,389,8
-90.73475646972656,0.616540014743805,-90.70146614256359,0.6495922644933065,X,1,390,8
-90.83474731445312,0.6498699784278871,-90.80145698729015,0.6829222281773886,X,1,391,8
-90.80142211914062,0.6498699784278871,-90.76813179197764,0.6829222281773886,X,1,392,8
-90.7680892944336,0.6498699784278871,-90.73479896727062,0.6829222281773886,X,1,393,8
